Category,Name,URL,Notes
General Job Boards,Indeed,https://www.indeed.com/,
General Job Boards,LinkedIn,https://www.linkedin.com/jobs/,
General Job Boards,Glassdoor,https://www.glassdoor.com/Job/index.htm,
General Job Boards,ZipRecruiter,https://www.ziprecruiter.com/,
General Job Boards,Google Jobs,https://www.google.com/,"Search for ""jobs near me"" or specific roles"
General Job Boards,CareerBuilder,https://www.careerbuilder.com/,
General Job Boards,Monster,https://www.monster.com/,
Additional Resources,FlexJobs,https://www.flexjobs.com/,"Subscription-based; focuses on remote/flexible"
Additional Resources,We Work Remotely,https://weworkremotely.com/,Large remote work community
Additional Resources,Remote OK,https://remoteok.com/,Remote jobs - strong tech focus
Additional Resources,Working Nomads,https://www.workingnomads.com/jobs,Curated remote jobs
Additional Resources,Arc.dev,https://arc.dev/,Remote jobs for developers
Additional Resources,Dice,https://www.dice.com/,Tech industry focus
Additional Resources,Idealist,https://www.idealist.org/en/,Non-profit sector jobs
Additional Resources,USAJOBS,https://www.usajobs.gov/,Official US Federal Government jobs
Additional Resources,"Wellfound (formerly AngelList Talent)",https://wellfound.com/,Startup jobs
Additional Resources,Otta,https://app.otta.com/,Tech jobs - emphasizes culture match
Industry-Specific Boards,Mediabistro,https://www.mediabistro.com/jobs,
Industry-Specific Boards,Campaign Jobs,https://www.campaignlive.co.uk/jobs/,Note: May have UK focus
Industry-Specific Boards,MarketingHire,https://marketinghire.com/,
Industry-Specific Boards,The Creative Ham,https://thecreativeham.com/advertising-jobs/,
Industry-Specific Boards,AMA Job Board,https://jobs.ama.org/,American Marketing Association
Industry-Specific Boards,ilovecreatives,https://ilovecreatives.com/ads/category/Job,
Industry-Specific Boards,Major Players,https://www.majorplayers.co.uk/jobs,Note: May have UK focus
Industry-Specific Boards,Krop,https://www.krop.com/creative-jobs/,
Industry-Specific Boards,TalentZoo,http://www.talentzoo.com/,
Industry-Specific Boards,Ad Age Jobs,https://adage.com/amp/client/jobs,
International / Regional Boards,Seek,https://www.seek.com.au/,Australia/NZ
International / Regional Boards,Job Bank,https://www.jobbank.gc.ca/home,Canada (Official Gov.)
International / Regional Boards,StepStone,https://www.stepstone.de/en/,Europe/Germany
International / Regional Boards,Reed.co.uk,https://www.reed.co.uk/,UK
International / Regional Boards,JobStreet,https://www.jobstreet.com/,SE Asia
International / Regional Boards,Indeed (Canada),https://ca.indeed.com/,Canada
International / Regional Boards,Indeed (UK),https://uk.indeed.com/,UK
International / Regional Boards,InternationalJobs.com,https://www.internationaljobs.com/,Global
International / Regional Boards,OverseasJobs.com,https://www.overseasjobs.com/,Global
International / Regional Boards,GlobalJobs.org,https://www.globaljobs.org/,Global (NGO/Development)
